Horodateur,Qu'est ce que t'aimerais trouver sur le site?,"Avec la crise sanitaire que nous avons v√©cu, le confinement et les changements de mode de travail, ont-ils fait na√Ætre en toi une envie de changement: de r√©gion, de mode de vie?",Dans le cadre de ce sondage as-tu d'autres commentaires/suggestions?A toi la parole!
16/06/2020 10:40:08,"H√¥tels / camping/ Auberges, Activit√©s / centres de loisirs, R√©serves naturelles r√©gionales, Restaurants/ bars, Mus√©es/patrimoine, Ev√®nements √† venir, Transports en commun, M√©t√©o",Non,
16/06/2020 10:40:50,"Activit√©s / centres de loisirs, Ev√®nements √† venir, M√©t√©o",Non,
16/06/2020 10:41:05,"H√¥tels / camping/ Auberges, Activit√©s / centres de loisirs, Restaurants/ bars, Ev√®nements √† venir, √âquipements commerces/services",Non,
16/06/2020 10:43:07,"R√©serves naturelles r√©gionales, Jour de march√©, Restaurants/ bars",Oui,Je pars √† la montagne 
16/06/2020 10:43:30,"H√¥tels / camping/ Auberges, Activit√©s / centres de loisirs, R√©serves naturelles r√©gionales, Jour de march√©, Restaurants/ bars, Mus√©es/patrimoine, Ev√®nements √† venir, Pharmacies /d√©fibrillateurs, Transports en commun, Parkings",Non,
16/06/2020 10:43:36,"R√©serves naturelles r√©gionales, Restaurants/ bars, Mus√©es/patrimoine, Ev√®nements √† venir","perdurer dans la conso bio et locale, circuit court et petits commerces de proximite pour faire vivre ceux qui m'entourent",
16/06/2020 10:44:18,"H√¥tels / camping/ Auberges, Activit√©s / centres de loisirs, Restaurants/ bars, Ev√®nements √† venir, √âquipements commerces/services, Coordonn√©es office du tourisme",Non,
16/06/2020 10:53:03,"H√¥tels / camping/ Auberges, Activit√©s / centres de loisirs, R√©serves naturelles r√©gionales, Jour de march√©, Restaurants/ bars, Mus√©es/patrimoine, Ev√®nements √† venir, Liste de cin√©ma, Stations-services, Pharmacies /d√©fibrillateurs, √âquipements commerces/services, Transports en commun, Parkings, M√©t√©o, Coordonn√©es office du tourisme, Qualit√© de l'air, la possibilit√© de voir des aper√ßus du paysage",Oui,"Si vous avez besoin d'un testeur, pensez √† moi : Julien K !"
16/06/2020 11:02:20,"R√©serves naturelles r√©gionales, Mus√©es/patrimoine, Coordonn√©es office du tourisme",Non,
16/06/2020 11:03:13,"H√¥tels / camping/ Auberges, R√©serves naturelles r√©gionales, Restaurants/ bars, Mus√©es/patrimoine, Ev√®nements √† venir, Pharmacies /d√©fibrillateurs, √âquipements commerces/services, M√©t√©o, Coordonn√©es office du tourisme",Non,
16/06/2020 11:04:21,"Activit√©s / centres de loisirs, R√©serves naturelles r√©gionales, Jour de march√©, Restaurants/ bars, Mus√©es/patrimoine, Ev√®nements √† venir, Liste de cin√©ma, M√©t√©o, Coordonn√©es office du tourisme",Non,
16/06/2020 11:08:36,"H√¥tels / camping/ Auberges, Activit√©s / centres de loisirs, R√©serves naturelles r√©gionales, Jour de march√©, Restaurants/ bars, Mus√©es/patrimoine, Ev√®nements √† venir",Oui,
16/06/2020 11:11:25,"H√¥tels / camping/ Auberges, Activit√©s / centres de loisirs, Jour de march√©, Restaurants/ bars, Ev√®nements √† venir, √âquipements commerces/services, M√©t√©o",Oui,
16/06/2020 11:11:29,"Activit√©s / centres de loisirs, R√©serves naturelles r√©gionales, Jour de march√©, Restaurants/ bars, Mus√©es/patrimoine, Ev√®nements √† venir, Stations-services, √âquipements commerces/services, Transports en commun, Parkings, Coordonn√©es office du tourisme",Non,
16/06/2020 11:11:56,"R√©serves naturelles r√©gionales, Ev√®nements √† venir, Transports en commun",Oui,
16/06/2020 11:11:57,"H√¥tels / camping/ Auberges, Jour de march√©, Mus√©es/patrimoine, Ev√®nements √† venir, M√©t√©o",Non,
16/06/2020 11:12:07,"Activit√©s / centres de loisirs, Restaurants/ bars, Ev√®nements √† venir, √âquipements commerces/services","J'en avais envie bien avant, le confinement √† tout mis en suspens",
16/06/2020 11:12:20,"H√¥tels / camping/ Auberges, Mus√©es/patrimoine, Ev√®nements √† venir, M√©t√©o",Oui,
16/06/2020 11:12:20,"Activit√©s / centres de loisirs, Restaurants/ bars, Transports en commun",Non,
16/06/2020 11:13:43,"H√¥tels / camping/ Auberges, R√©serves naturelles r√©gionales, Restaurants/ bars, Mus√©es/patrimoine, Ev√®nements √† venir, Liste de cin√©ma, √âquipements commerces/services, Transports en commun, Qualit√© de l'air",Oui,
16/06/2020 11:14:04,"Activit√©s / centres de loisirs, Restaurants/ bars, Ev√®nements √† venir, Coordonn√©es office du tourisme",Oui,
16/06/2020 11:15:09,"H√¥tels / camping/ Auberges, Activit√©s / centres de loisirs, R√©serves naturelles r√©gionales, Restaurants/ bars, Mus√©es/patrimoine, √âquipements commerces/services, Transports en commun, Parkings, M√©t√©o",Non,
16/06/2020 11:17:03,"H√¥tels / camping/ Auberges, Restaurants/ bars, Ev√®nements √† venir, √âquipements commerces/services, Parkings, M√©t√©o, Coordonn√©es office du tourisme",Non,
16/06/2020 11:19:51,"H√¥tels / camping/ Auberges, Restaurants/ bars, √âquipements commerces/services, Transports en commun, M√©t√©o",Oui,Bon courage pour votre projet!
16/06/2020 11:21:14,"H√¥tels / camping/ Auberges, Activit√©s / centres de loisirs, R√©serves naturelles r√©gionales, Restaurants/ bars, Mus√©es/patrimoine, √âquipements commerces/services, Parkings, M√©t√©o, Coordonn√©es office du tourisme",Oui,Perso j'aime bien avoir des infos sur la couverture du r√©seau 4g quand je pars en vacances...On se refait pas ;)   Bon projet √† vous!
16/06/2020 11:21:33,"H√¥tels / camping/ Auberges, Activit√©s / centres de loisirs, R√©serves naturelles r√©gionales, Restaurants/ bars, Mus√©es/patrimoine, Ev√®nements √† venir, Parkings",Oui,
16/06/2020 11:21:35,"Mus√©es/patrimoine, Les spots wifi",Non,
16/06/2020 11:23:16,"H√¥tels / camping/ Auberges, R√©serves naturelles r√©gionales, Jour de march√©, Restaurants/ bars, Ev√®nements √† venir",Oui,
16/06/2020 11:31:14,"Activit√©s / centres de loisirs, R√©serves naturelles r√©gionales, Restaurants/ bars, Pharmacies /d√©fibrillateurs, √âquipements commerces/services, Transports en commun, Coordonn√©es office du tourisme",Oui,
16/06/2020 11:32:14,"H√¥tels / camping/ Auberges, Activit√©s / centres de loisirs, Restaurants/ bars, Ev√®nements √† venir, Transports en commun, M√©t√©o",Non,
16/06/2020 11:32:34,"H√¥tels / camping/ Auberges, Activit√©s / centres de loisirs, R√©serves naturelles r√©gionales, Jour de march√©, Mus√©es/patrimoine, Ev√®nements √† venir, Stations-services, Pharmacies /d√©fibrillateurs, Transports en commun, Parkings, M√©t√©o, Coordonn√©es office du tourisme, Qualit√© de l'air, pistes cyclable et transport insolite( ane, rando ou on t amene ton sac en fin de journ√©e), activit√©s pour tout petits, parc de jeux",Non,"ma destination je la choisis pour qu'il y a peu de monde, des pistes cyclables, dans les prix qu'on a fix√©, un lieu pour faire des visites autour, culture, paysage, foret, mer, et des choses √† faire s il pleut. je fais un comparatif entre les diff√©rents moyens de transport : 2 adultes + 2 enfants : cout en voiture+ camping ou cout avion+location+gite √† louer... je me simplifie la vie avec deux tout petits enfants, et je prends pour eux les vacances. "
16/06/2020 11:35:53,"H√¥tels / camping/ Auberges, Restaurants/ bars, Ev√®nements √† venir, √âquipements commerces/services, M√©t√©o, Qualit√© de l'air",Oui,
16/06/2020 11:40:26,"H√¥tels / camping/ Auberges, Liste de cin√©ma, √âquipements commerces/services, M√©t√©o",Oui,
16/06/2020 11:49:29,"H√¥tels / camping/ Auberges, Activit√©s / centres de loisirs, R√©serves naturelles r√©gionales, Jour de march√©, Ev√®nements √† venir, Coordonn√©es office du tourisme, Qualit√© de l'air","L'envie √©tait d√©j√† l√†, √ßa n'a fait que la confirmer !",
16/06/2020 11:49:34,"H√¥tels / camping/ Auberges, Activit√©s / centres de loisirs, R√©serves naturelles r√©gionales, Restaurants/ bars, Mus√©es/patrimoine, Ev√®nements √† venir, √âquipements commerces/services, Parkings, M√©t√©o, Coordonn√©es office du tourisme, Qualit√© de l'air",Non,
16/06/2020 11:49:55,"H√¥tels / camping/ Auberges, Activit√©s / centres de loisirs, R√©serves naturelles r√©gionales, Jour de march√©, Restaurants/ bars, Mus√©es/patrimoine, Ev√®nements √† venir, √âquipements commerces/services, Coordonn√©es office du tourisme",Non,
16/06/2020 11:50:02,"H√¥tels / camping/ Auberges, Activit√©s / centres de loisirs, Ev√®nements √† venir, Transports en commun, M√©t√©o",Non,nope
16/06/2020 11:50:53,"Activit√©s / centres de loisirs, R√©serves naturelles r√©gionales, Restaurants/ bars, Ev√®nements √† venir, Liste de cin√©ma",Oui,
16/06/2020 11:53:33,"H√¥tels / camping/ Auberges, Activit√©s / centres de loisirs, R√©serves naturelles r√©gionales, Jour de march√©, Restaurants/ bars, Ev√®nements √† venir, √âquipements commerces/services, Transports en commun, M√©t√©o, Coordonn√©es office du tourisme",Non,
16/06/2020 11:54:32,"H√¥tels / camping/ Auberges, Activit√©s / centres de loisirs, R√©serves naturelles r√©gionales, Jour de march√©, Restaurants/ bars, Mus√©es/patrimoine, √âquipements commerces/services, M√©t√©o, Coordonn√©es office du tourisme",Oui,
16/06/2020 12:05:40,"H√¥tels / camping/ Auberges, Restaurants/ bars, Mus√©es/patrimoine, Ev√®nements √† venir, M√©t√©o",Oui,
16/06/2020 12:07:38,"H√¥tels / camping/ Auberges, Activit√©s / centres de loisirs, Restaurants/ bars, Mus√©es/patrimoine, Ev√®nements √† venir, Transports en commun, Parkings",Oui,
16/06/2020 12:08:51,"H√¥tels / camping/ Auberges, Activit√©s / centres de loisirs, R√©serves naturelles r√©gionales, Jour de march√©, Restaurants/ bars, Mus√©es/patrimoine, Ev√®nements √† venir, Liste de cin√©ma, Stations-services, Pharmacies /d√©fibrillateurs, √âquipements commerces/services, Transports en commun, Parkings, M√©t√©o, Coordonn√©es office du tourisme, Qualit√© de l'air",Non,
16/06/2020 12:09:01,"R√©serves naturelles r√©gionales, Jour de march√©, Restaurants/ bars, Ev√®nements √† venir, √âquipements commerces/services, Transports en commun, Qualit√© de l'air, Une sorte de niveau ""d'isolement"" ou de ""liens sociaux"" possibles sur place :) (une bonne id√©e, non ?)","Oui, mais juste envie de ""passer √† l'acte"" en r√©alisant des projets d√©j√† envisag√©s bien avant tout cela",Bonnes vacances √† tou-te-s en attendant la rentr√©e !
16/06/2020 12:18:26,indice sanitaire,"Oui, Non, oui et non car je prevoyais d√©j√† de bouger",je veux bien recevoir le graphique une fois fini^^
16/06/2020 12:21:32,"R√©serves naturelles r√©gionales, Jour de march√©, Restaurants/ bars, Mus√©es/patrimoine, Transports en commun, Parkings",Non,
16/06/2020 12:32:14,"Activit√©s / centres de loisirs, R√©serves naturelles r√©gionales, Mus√©es/patrimoine, √âquipements commerces/services",Non,good luck !
16/06/2020 12:35:10,"H√¥tels / camping/ Auberges, Activit√©s / centres de loisirs, R√©serves naturelles r√©gionales, Mus√©es/patrimoine, Ev√®nements √† venir, Transports en commun, Parkings, M√©t√©o, Coordonn√©es office du tourisme",Oui,"Oui j'ai envie de changer de mode de vie. Changer la ""quantit√©"" √† la ""qualit√©"""
16/06/2020 12:37:31,"H√¥tels / camping/ Auberges, R√©serves naturelles r√©gionales, Jour de march√©, Restaurants/ bars, Mus√©es/patrimoine, Ev√®nements √† venir, Stations-services, √âquipements commerces/services, Transports en commun, Parkings, M√©t√©o, Coordonn√©es office du tourisme, ce qu'il faut voir en priorit√© sur un temps donn√©","Oui, √ßa fait d√©j√† quelques temps que j'y pense, mais comme le travail en remote sera a priori facilit√©, la vie de digital nomad me tente encore plus !",
16/06/2020 12:48:18,"R√©serves naturelles r√©gionales, Jour de march√©, Mus√©es/patrimoine, Ev√®nements √† venir, Liste de cin√©ma, Pharmacies /d√©fibrillateurs, Transports en commun, Anecdotes locales, spe culinaires",Oui,
16/06/2020 12:49:39,"H√¥tels / camping/ Auberges, Activit√©s / centres de loisirs, Jour de march√©, Restaurants/ bars, Ev√®nements √† venir, M√©t√©o, Coordonn√©es office du tourisme",Oui,
16/06/2020 13:13:15,"H√¥tels / camping/ Auberges, Ev√®nements √† venir, Liste de cin√©ma, Stations-services, √âquipements commerces/services, Transports en commun, Parkings, M√©t√©o",Non,
16/06/2020 13:40:22,"H√¥tels / camping/ Auberges, R√©serves naturelles r√©gionales, Restaurants/ bars, Ev√®nements √† venir, √âquipements commerces/services, Transports en commun, M√©t√©o",Non,
16/06/2020 14:03:16,"R√©serves naturelles r√©gionales, Restaurants/ bars, Mus√©es/patrimoine",Oui,
16/06/2020 15:47:22,"H√¥tels / camping/ Auberges, Activit√©s / centres de loisirs, R√©serves naturelles r√©gionales, Restaurants/ bars, Ev√®nements √† venir, √âquipements commerces/services",Non,
16/06/2020 16:03:22,"R√©serves naturelles r√©gionales, Jour de march√©, Restaurants/ bars, √âquipements commerces/services, Qualit√© de l'air",Non,
16/06/2020 16:06:27,"H√¥tels / camping/ Auberges, Restaurants/ bars, Ev√®nements √† venir, Parkings",Oui,
16/06/2020 18:20:21,"H√¥tels / camping/ Auberges, Restaurants/ bars, Mus√©es/patrimoine, Ev√®nements √† venir",Non,
16/06/2020 21:37:00,"H√¥tels / camping/ Auberges, Activit√©s / centres de loisirs, Jour de march√©, Restaurants/ bars, Ev√®nements √† venir, Liste de cin√©ma, Parkings, M√©t√©o, Qualit√© de l'air","Oui, Non",
17/06/2020 10:02:22,"H√¥tels / camping/ Auberges, R√©serves naturelles r√©gionales, Restaurants/ bars, Mus√©es/patrimoine, Ev√®nements √† venir, Transports en commun, Qualit√© de l'air",Oui,
17/06/2020 11:59:57,"Activit√©s / centres de loisirs, R√©serves naturelles r√©gionales, Jour de march√©, Restaurants/ bars, Mus√©es/patrimoine, Stations-services, Parkings, M√©t√©o, Coordonn√©es office du tourisme, Qualit√© de l'air",Oui,
17/06/2020 16:38:11,"H√¥tels / camping/ Auberges, R√©serves naturelles r√©gionales, Restaurants/ bars, Mus√©es/patrimoine, Ev√®nements √† venir, Transports en commun, Coordonn√©es office du tourisme",Non,
17/06/2020 17:28:18,"H√¥tels / camping/ Auberges, Restaurants/ bars, Parkings, M√©t√©o",Oui,
17/06/2020 17:29:32,"Restaurants/ bars, Mus√©es/patrimoine, Ev√®nements √† venir, Pharmacies /d√©fibrillateurs, √âquipements commerces/services, Coordonn√©es office du tourisme",Oui,
17/06/2020 17:38:22,"R√©serves naturelles r√©gionales, Jour de march√©, Restaurants/ bars, Ev√®nements √† venir, √âquipements commerces/services, Parkings, M√©t√©o",Non,
17/06/2020 17:54:21,"H√¥tels / camping/ Auberges, Activit√©s / centres de loisirs, R√©serves naturelles r√©gionales, Restaurants/ bars, Ev√®nements √† venir, Stations-services, Transports en commun, Parkings, M√©t√©o",Non,Non mdrcit
17/06/2020 18:08:37,"H√¥tels / camping/ Auberges, Activit√©s / centres de loisirs, M√©t√©o",Non,
17/06/2020 18:13:37,"Activit√©s / centres de loisirs, R√©serves naturelles r√©gionales, Jour de march√©, Restaurants/ bars, Ev√®nements √† venir",Oui,
17/06/2020 18:53:16,"H√¥tels / camping/ Auberges, Activit√©s / centres de loisirs, Jour de march√©, Restaurants/ bars, Ev√®nements √† venir, √âquipements commerces/services",Non,
17/06/2020 19:21:28,"H√¥tels / camping/ Auberges, Jour de march√©, Restaurants/ bars, Ev√®nements √† venir, √âquipements commerces/services, Parkings",Oui,
17/06/2020 19:25:34,H√¥tels / camping/ Auberges,Oui,
17/06/2020 19:33:37,"Activit√©s / centres de loisirs, R√©serves naturelles r√©gionales, Jour de march√©, Restaurants/ bars, Mus√©es/patrimoine, Ev√®nements √† venir, Stations-services, Pharmacies /d√©fibrillateurs, √âquipements commerces/services, Parkings",Oui,
17/06/2020 19:41:54,"H√¥tels / camping/ Auberges, Activit√©s / centres de loisirs, R√©serves naturelles r√©gionales, Jour de march√©, Restaurants/ bars, Ev√®nements √† venir, √âquipements commerces/services, Transports en commun",Non,
17/06/2020 19:47:05,"H√¥tels / camping/ Auberges, Activit√©s / centres de loisirs, Jour de march√©, Parkings",Non,
17/06/2020 19:56:14,"Activit√©s / centres de loisirs, R√©serves naturelles r√©gionales, Jour de march√©, Mus√©es/patrimoine, Transports en commun",Non,Bon courage
17/06/2020 19:57:37,"H√¥tels / camping/ Auberges, Restaurants/ bars, Ev√®nements √† venir",Oui,Producteurs locaux / fermes etc...
17/06/2020 20:15:58,"H√¥tels / camping/ Auberges, Activit√©s / centres de loisirs, R√©serves naturelles r√©gionales, Jour de march√©, Restaurants/ bars, Ev√®nements √† venir, Stations-services, Pharmacies /d√©fibrillateurs, √âquipements commerces/services, Parkings, M√©t√©o",Oui,
17/06/2020 20:26:32,"H√¥tels / camping/ Auberges, Restaurants/ bars, Transports en commun",Non,
17/06/2020 21:03:16,"H√¥tels / camping/ Auberges, Activit√©s / centres de loisirs, R√©serves naturelles r√©gionales, Restaurants/ bars, Mus√©es/patrimoine, Transports en commun, Parkings, M√©t√©o",Oui,
17/06/2020 21:06:12,"H√¥tels / camping/ Auberges, Activit√©s / centres de loisirs, Restaurants/ bars, Ev√®nements √† venir, Stations-services, Pharmacies /d√©fibrillateurs, √âquipements commerces/services, Parkings, M√©t√©o, Qualit√© de l'air",Non,
17/06/2020 22:25:28,"R√©serves naturelles r√©gionales, M√©t√©o",Oui,
17/06/2020 22:44:16,"H√¥tels / camping/ Auberges, Activit√©s / centres de loisirs, Restaurants/ bars, Mus√©es/patrimoine, Ev√®nements √† venir, Transports en commun, M√©t√©o, Coordonn√©es office du tourisme",Non,
18/06/2020 02:22:08,"H√¥tels / camping/ Auberges, Ev√®nements √† venir, Coordonn√©es office du tourisme",Oui,Ras
18/06/2020 08:03:11,"Activit√©s / centres de loisirs, R√©serves naturelles r√©gionales, Jour de march√©, Ev√®nements √† venir",Non,
18/06/2020 08:41:36,"H√¥tels / camping/ Auberges, R√©serves naturelles r√©gionales, Jour de march√©, Restaurants/ bars, Ev√®nements √† venir, Stations-services, Transports en commun, Parkings, M√©t√©o",Non,Non
18/06/2020 09:02:00,"H√¥tels / camping/ Auberges, Activit√©s / centres de loisirs, Ev√®nements √† venir, √âquipements commerces/services, Transports en commun",Non,
18/06/2020 15:32:45,"H√¥tels / camping/ Auberges, Activit√©s / centres de loisirs, Restaurants/ bars, M√©t√©o",Non,
18/06/2020 22:01:01,"Activit√©s / centres de loisirs, R√©serves naturelles r√©gionales, Restaurants/ bars, Mus√©es/patrimoine, Ev√®nements √† venir",Non,
19/06/2020 09:20:29,"Activit√©s / centres de loisirs, R√©serves naturelles r√©gionales, Jour de march√©, Restaurants/ bars, Mus√©es/patrimoine, Ev√®nements √† venir, Transports en commun, Parkings, M√©t√©o",Oui,
19/06/2020 16:07:18,"Activit√©s / centres de loisirs, Restaurants/ bars, Mus√©es/patrimoine, Ev√®nements √† venir, √âquipements commerces/services, Parkings",Oui,
19/06/2020 19:17:11,"H√¥tels / camping/ Auberges, Activit√©s / centres de loisirs, R√©serves naturelles r√©gionales, Jour de march√©, Restaurants/ bars, Mus√©es/patrimoine, Ev√®nements √† venir, Stations-services, √âquipements commerces/services, Transports en commun, Parkings, M√©t√©o, Coordonn√©es office du tourisme",Non,
22/06/2020 17:36:23,"H√¥tels / camping/ Auberges, Activit√©s / centres de loisirs, R√©serves naturelles r√©gionales, Jour de march√©, Mus√©es/patrimoine, Ev√®nements √† venir, M√©t√©o, Coordonn√©es office du tourisme",Non,Bonnes vacances !
22/06/2020 17:50:23,"R√©serves naturelles r√©gionales, Jour de march√©, Restaurants/ bars, √âquipements commerces/services",Non,
22/06/2020 17:51:42,"H√¥tels / camping/ Auberges, Activit√©s / centres de loisirs, Jour de march√©, Restaurants/ bars, Mus√©es/patrimoine, Ev√®nements √† venir, Pharmacies /d√©fibrillateurs, √âquipements commerces/services, M√©t√©o, Coordonn√©es office du tourisme",Non,
22/06/2020 17:54:28,"R√©serves naturelles r√©gionales, Jour de march√©, Restaurants/ bars, Mus√©es/patrimoine, Pharmacies /d√©fibrillateurs, Parkings, Coordonn√©es office du tourisme, Qualit√© de l'air",Non,
22/06/2020 17:54:55,"H√¥tels / camping/ Auberges, Activit√©s / centres de loisirs, R√©serves naturelles r√©gionales, Jour de march√©, Restaurants/ bars, Pharmacies /d√©fibrillateurs, √âquipements commerces/services, M√©t√©o, Coordonn√©es office du tourisme",Non,
22/06/2020 18:05:26,"H√¥tels / camping/ Auberges, Restaurants/ bars, Ev√®nements √† venir, √âquipements commerces/services, Transports en commun, Parkings, l'agenda, les lieux d'int√©r√™ts des alentours (visite, activit√©s, actualit√©s ?)",Non,
22/06/2020 18:07:24,"H√¥tels / camping/ Auberges, Activit√©s / centres de loisirs, R√©serves naturelles r√©gionales, Restaurants/ bars, Ev√®nements √† venir",Oui,
22/06/2020 18:28:27,"H√¥tels / camping/ Auberges, R√©serves naturelles r√©gionales, Jour de march√©, Restaurants/ bars, Ev√®nements √† venir, Parkings",Oui,
22/06/2020 18:51:11,"H√¥tels / camping/ Auberges, Activit√©s / centres de loisirs, R√©serves naturelles r√©gionales, Jour de march√©, Restaurants/ bars, Mus√©es/patrimoine, √âquipements commerces/services, M√©t√©o",Non,
22/06/2020 20:19:29,"H√¥tels / camping/ Auberges, Activit√©s / centres de loisirs, Jour de march√©, Restaurants/ bars, Mus√©es/patrimoine, Ev√®nements √† venir, Transports en commun, Parkings, Coordonn√©es office du tourisme",Oui,Mes pens√©es et mes envies ont certainement chang√© suite au covid.....l'envie de partir en vacances est toujours l√† m√™me mais les destinations seront plus proches....la France restera mon objectif de l'√©t√©.....üëçüëçüëç
22/06/2020 20:20:44,H√¥tels / camping/ Auberges,Non,
22/06/2020 21:43:06,"H√¥tels / camping/ Auberges, Activit√©s / centres de loisirs, R√©serves naturelles r√©gionales, Jour de march√©, Restaurants/ bars, Mus√©es/patrimoine, Ev√®nements √† venir, Liste de cin√©ma, √âquipements commerces/services, Parkings, Coordonn√©es office du tourisme",Non,
22/06/2020 23:11:56,"R√©serves naturelles r√©gionales, Mus√©es/patrimoine, Ev√®nements √† venir, Transports en commun, M√©t√©o",Non,
23/06/2020 10:47:21,"H√¥tels / camping/ Auberges, R√©serves naturelles r√©gionales, Jour de march√©, Restaurants/ bars, Ev√®nements √† venir, Pharmacies /d√©fibrillateurs, √âquipements commerces/services, Parkings, M√©t√©o","Oui, Repenser mon mode de consommation (nourriture, transports,...)",
23/06/2020 11:09:33,"H√¥tels / camping/ Auberges, R√©serves naturelles r√©gionales, Jour de march√©, Restaurants/ bars, Ev√®nements √† venir, Pharmacies /d√©fibrillateurs, √âquipements commerces/services, Parkings, M√©t√©o","Oui, Repenser mon mode de consommation (nourriture, transports,...)",
23/06/2020 11:36:38,"H√¥tels / camping/ Auberges, Activit√©s / centres de loisirs, Restaurants/ bars, Liste de cin√©ma, M√©t√©o, recharge voiture √©lectrique ",Oui,
23/06/2020 11:36:45,"Activit√©s / centres de loisirs, M√©t√©o, Surf",Non,
23/06/2020 11:36:52,"Activit√©s / centres de loisirs, R√©serves naturelles r√©gionales, Restaurants/ bars, Liste de cin√©ma, Stations-services, Transports en commun, Parkings",Oui,
23/06/2020 11:37:02,R√©serves naturelles r√©gionales,Non,
23/06/2020 11:37:23,"H√¥tels / camping/ Auberges, R√©serves naturelles r√©gionales, Restaurants/ bars, M√©t√©o",Oui,
23/06/2020 11:37:24,"H√¥tels / camping/ Auberges, Jour de march√©, Mus√©es/patrimoine, Ev√®nements √† venir, √âquipements commerces/services, Transports en commun, M√©t√©o, Coordonn√©es office du tourisme",Non,
23/06/2020 11:37:43,"H√¥tels / camping/ Auberges, Activit√©s / centres de loisirs, R√©serves naturelles r√©gionales, Jour de march√©, Restaurants/ bars, Mus√©es/patrimoine, Ev√®nements √† venir, Parkings, M√©t√©o",Oui,
23/06/2020 11:38:00,"H√¥tels / camping/ Auberges, Activit√©s / centres de loisirs, R√©serves naturelles r√©gionales, Restaurants/ bars, Mus√©es/patrimoine, Transports en commun, M√©t√©o",Oui,
23/06/2020 11:38:04,"Restaurants/ bars, Mus√©es/patrimoine, M√©t√©o, piscine ",Oui,Bon courage pour votre projet !
23/06/2020 11:38:05,"R√©serves naturelles r√©gionales, M√©t√©o",Non,Bon courage :)
23/06/2020 11:38:06,"H√¥tels / camping/ Auberges, Restaurants/ bars, Ev√®nements √† venir, √âquipements commerces/services, Qualit√© de l'air",Oui,
23/06/2020 11:38:08,"H√¥tels / camping/ Auberges, R√©serves naturelles r√©gionales, Restaurants/ bars, Ev√®nements √† venir, Parkings, Coordonn√©es office du tourisme",Oui,
23/06/2020 11:38:11,"Activit√©s / centres de loisirs, Restaurants/ bars, Ev√®nements √† venir, √âquipements commerces/services, Transports en commun, Parkings",Non,
23/06/2020 11:38:39,"H√¥tels / camping/ Auberges, Activit√©s / centres de loisirs, R√©serves naturelles r√©gionales, Restaurants/ bars, Ev√®nements √† venir, Stations-services, √âquipements commerces/services, Transports en commun, Parkings, M√©t√©o",Oui,vacances ? 
23/06/2020 11:38:47,"H√¥tels / camping/ Auberges, Activit√©s / centres de loisirs, R√©serves naturelles r√©gionales, Jour de march√©, Restaurants/ bars, Mus√©es/patrimoine, Ev√®nements √† venir, Stations-services, Parkings, M√©t√©o, Une carte avec d√©tail de ce qu'il y a autour, avec possibilit√© de filtrer la recherche",Oui,
23/06/2020 11:39:49,"H√¥tels / camping/ Auberges, Restaurants/ bars, Parkings",Non,
23/06/2020 11:40:14,"H√¥tels / camping/ Auberges, Activit√©s / centres de loisirs, Restaurants/ bars, Mus√©es/patrimoine, Ev√®nements √† venir, Transports en commun, Parkings, M√©t√©o",Non,
23/06/2020 11:40:39,Mus√©es/patrimoine,Non,Bon courage
23/06/2020 11:42:13,"R√©serves naturelles r√©gionales, Jour de march√©, Restaurants/ bars, Ev√®nements √† venir, √âquipements commerces/services",Oui,
23/06/2020 11:42:29,"H√¥tels / camping/ Auberges, Activit√©s / centres de loisirs, Jour de march√©, Restaurants/ bars, Mus√©es/patrimoine, Ev√®nements √† venir, Parkings, M√©t√©o",Oui,
23/06/2020 11:42:59,"H√¥tels / camping/ Auberges, R√©serves naturelles r√©gionales, Jour de march√©, Restaurants/ bars, Mus√©es/patrimoine, Ev√®nements √† venir, √âquipements commerces/services, Transports en commun, M√©t√©o",Non,Bon chance ;)
23/06/2020 11:44:33,"Activit√©s / centres de loisirs, R√©serves naturelles r√©gionales, Restaurants/ bars, Ev√®nements √† venir, Pharmacies /d√©fibrillateurs, √âquipements commerces/services, Transports en commun, M√©t√©o",Oui,
23/06/2020 11:45:47,"H√¥tels / camping/ Auberges, Transports en commun, Coordonn√©es office du tourisme",Non,
23/06/2020 11:45:49,"Jour de march√©, Restaurants/ bars, Mus√©es/patrimoine, Ev√®nements √† venir, Transports en commun, Parkings, M√©t√©o, Coordonn√©es office du tourisme, Qualit√© de l'air",Non,
23/06/2020 11:46:05,"H√¥tels / camping/ Auberges, Activit√©s / centres de loisirs, R√©serves naturelles r√©gionales, Jour de march√©, Restaurants/ bars, Mus√©es/patrimoine, Ev√®nements √† venir, Liste de cin√©ma, Transports en commun, Parkings",Non,
23/06/2020 11:47:20,"H√¥tels / camping/ Auberges, M√©t√©o, Nature",Non,c'est tres court
23/06/2020 11:47:44,"Jour de march√©, Transports en commun, M√©t√©o",Non,Nope !
23/06/2020 11:52:58,"Activit√©s / centres de loisirs, R√©serves naturelles r√©gionales, Restaurants/ bars, Ev√®nements √† venir",Non,
23/06/2020 11:53:06,"H√¥tels / camping/ Auberges, Activit√©s / centres de loisirs, Restaurants/ bars",Non,
23/06/2020 11:54:22,"H√¥tels / camping/ Auberges, Activit√©s / centres de loisirs, Jour de march√©, Restaurants/ bars, Mus√©es/patrimoine, Ev√®nements √† venir, √âquipements commerces/services, M√©t√©o",Non,
23/06/2020 11:57:46,"Activit√©s / centres de loisirs, Jour de march√©, Restaurants/ bars, Mus√©es/patrimoine, Ev√®nements √† venir, Stations-services, Pharmacies /d√©fibrillateurs, √âquipements commerces/services, Parkings, Coordonn√©es office du tourisme",Non,
23/06/2020 12:06:10,M√©t√©o,Oui,
23/06/2020 12:10:53,"R√©serves naturelles r√©gionales, M√©t√©o, Qualit√© de l'air",Oui,
23/06/2020 12:24:25,"R√©serves naturelles r√©gionales, Jour de march√©, Restaurants/ bars, Ev√®nements √† venir, Transports en commun, M√©t√©o",Non,
23/06/2020 12:26:07,"Activit√©s / centres de loisirs, Restaurants/ bars, Mus√©es/patrimoine, Ev√®nements √† venir, Transports en commun, Coordonn√©es office du tourisme",Oui,
23/06/2020 12:31:44,"Jour de march√©, Restaurants/ bars, Mus√©es/patrimoine, Ev√®nements √† venir, √âquipements commerces/services, Qualit√© de l'air",Non,
23/06/2020 12:32:46,"H√¥tels / camping/ Auberges, R√©serves naturelles r√©gionales, Jour de march√©, Restaurants/ bars, Ev√®nements √† venir, Stations-services, Parkings, M√©t√©o, hauteur des parkings, les lieux les moins fr√©quent√©s/plus nature, type de biodiversit√© √† observer et lieux d'observation",pas plus qu'avant,
23/06/2020 12:49:32,"R√©serves naturelles r√©gionales, Restaurants/ bars, Qualit√© de l'air",Oui,J'ai envie de bouger et de d√©couvrir autre chose que la Corr√®ze ^^
23/06/2020 12:57:16,"H√¥tels / camping/ Auberges, Activit√©s / centres de loisirs, R√©serves naturelles r√©gionales, Restaurants/ bars, √âquipements commerces/services, M√©t√©o",Oui,
23/06/2020 13:17:26,"H√¥tels / camping/ Auberges, Activit√©s / centres de loisirs, R√©serves naturelles r√©gionales, Jour de march√©, Restaurants/ bars, Ev√®nements √† venir, Stations-services, √âquipements commerces/services, Parkings, Coordonn√©es office du tourisme",Non,.
23/06/2020 13:33:28,"Jour de march√©, Restaurants/ bars, Mus√©es/patrimoine, Ev√®nements √† venir, √âquipements commerces/services",Oui,"L'avenir passera, qu'on le veuille ou non, par le v√©g√©tarisme. Souvent partir en vacances quand on est v√©g√©, est synonyme de ""quels restos va-t-on trouver ? Aura-t-on droit √† autre chose que salade Ceasar sans les lardons sioupl√©..."". Trouver des infos pour pouvoir consommer local et manger bio / v√©g√©."
23/06/2020 13:57:25,"Activit√©s / centres de loisirs, Mus√©es/patrimoine, √âquipements commerces/services, Parkings, Qualit√© de l'air",Oui,Je choisi mes vacances aussi en fonction de la dispo du wifi ! Deux ados ne tiennent pas 2 jours sans une bonne connexion et comme nous tenons √† passer de bonnes vacances en famille... ;o)
23/06/2020 14:14:14,"Activit√©s / centres de loisirs, Ev√®nements √† venir",Oui,
23/06/2020 14:50:12,"H√¥tels / camping/ Auberges, Jour de march√©, Restaurants/ bars, Ev√®nements √† venir",Oui,
23/06/2020 15:14:54,"Activit√©s / centres de loisirs, R√©serves naturelles r√©gionales, Jour de march√©, √âquipements commerces/services, Parkings, M√©t√©o",Non,
23/06/2020 15:31:59,"Activit√©s / centres de loisirs, Mus√©es/patrimoine, Ev√®nements √† venir",Non,"la drogue, c√©mal"
23/06/2020 15:35:04,"Activit√©s / centres de loisirs, Restaurants/ bars, Ev√®nements √† venir, Coordonn√©es office du tourisme",Non,bon courage pour votre projet :)